week	away	home	line	fav	fav_share
1	CLEM	LSU	10	LSU	1.000
1	FRES	USC	21.5	USC	1.000
1	LOU	MISS	6.5	MISS	0.947
1	MIA	STAN	24.5	MIA	0.974
1	SMU	FSU	3	SMU	0.579
1	WIS	ND	21	ND	1.000
1	WSU	WASH	23.5	WASH	1.000
2	ALA	UK	9.5	ALA	0.947
2	ARI	LAC	8.5	LAC	0.974
2	ARIZ	BYU	6.5	BYU	0.974
2	ATL	PIT	6.5	PIT	0.974
2	BAL	IND	3	BAL	0.895
2	BUF	HOU	1.5	BUF	0.605
2	CHI	CAR	3	CHI	0.895
2	DAL	NYG	3	DAL	0.842
2	DEN	KC	2.5	KC	0.658
2	GB	MIN	2.5	MIN	0.579
2	ISU	IOWA	14	IOWA	0.974
2	MIA	LV	3	LV	0.895
2	NE	SEA	3	SEA	0.789
2	NO	DET	7	DET	0.947
2	NYJ	TEN	1.5	TEN	0.737
2	OSU	TEX	2.5	TEX	0.395
2	TB	CIN	3.5	CIN	0.974
2	TENN	GT	12.5	TENN	0.974
3	CAR	ATL	2.5	CAR	0.789
3	CIN	HOU	3	HOU	0.605
3	CLE	TB	8.5	TB	0.974
3	DET	BUF	5.5	BUF	0.974
3	GB	NYJ	3.5	GB	0.868
3	IND	KC	6	KC	0.974
3	LSU	MISS	3	LSU	0.711
3	LV	LAC	6.5	LAC	0.947
3	MIA	SF	12.5	SF	0.974
3	MIN	CHI	4.5	CHI	0.974
3	NO	BAL	8.5	BAL	0.947
3	PHI	TEN	7	PHI	0.974
3	PIT	NE	4.5	NE	0.789
3	SEA	ARI	3.5	SEA	0.921
3	SMU	LOU	3	LOU	0.553
4	ARI	SF	7.5	SF	0.974
4	ATL	GB	4.5	GB	0.895
4	BAL	DAL	3	BAL	0.684
4	CAR	CLE	2.5	CAR	0.789
4	CIN	PIT	3.5	CIN	0.868
4	HOU	IND	1.5	HOU	0.711
4	IOWA	MICH	4.5	MICH	0.763
4	KC	MIA	10	KC	0.974
4	LAC	BUF	7	BUF	0.974
4	LV	NO	3.5	NO	0.868
4	MIN	TB	1.5	TB	0.526
4	MISS	FLA	4	FLA	0.632
4	NYJ	DET	7	DET	0.947
4	ORE	USC	3.5	ORE	0.658
4	PHI	CHI	3	PHI	0.868
4	TEN	NYG	2.5	NYG	0.737
4	TEX	TENN	5.5	TEX	0.868
5	ALA	MSST	5.5	ALA	0.789
5	ARI	NYG	2.5	ARI	0.500
5	ATL	NO	1.5	NO	0.842
5	AUB	TENN	6	TENN	0.921
5	BYU	TCU	5.5	BYU	0.974
5	DAL	HOU	3	HOU	0.447
5	DEN	SF	3	SF	0.816
5	DET	CAR	3.5	DET	0.868
5	GB	TB	2.5	GB	0.868
5	KC	LV	3.5	KC	0.921
5	LAC	SEA	7	SEA	0.947
5	MIA	MIN	10	MIN	0.974
5	NE	BUF	7	BUF	0.974
5	NYJ	CHI	3.5	CHI	0.895
5	OSU	IOWA	14.5	OSU	0.947
5	PIT	CLE	2.5	PIT	0.763
5	TEN	BAL	11.5	BAL	0.974
5	WASH	USC	7.5	USC	0.947
